SNP,CHR,BP,A1,A2,BETA,SE,FRQ,P,N,F_stat
rs12030530,1,98893908,A,G,-0.0639,0.0099,0.7312,8.754e-11,152816,41.6611570247934
rs1109965,1,197882690,C,T,-0.0743,0.0135,0.1333,3.307e-08,152271,30.2907544581619
rs9973620,2,16672661,T,A,0.0706,0.0103,0.2305,7.509e-12,154160,46.9823734564992
rs10184004,2,165508389,C,T,-0.0725,0.0098,0.7214,1.389e-13,154160,54.7298000832986
rs2943648,2,227100490,A,G,0.0591,0.009,0.6299,5.791e-11,154160,43.1211111111111
rs11708067,3,123065778,A,G,-0.0975,0.0124,0.1517,4.041e-15,146101,61.8252471383975
rs9808924,3,185514189,G,A,0.1149,0.0105,0.7574,7.663e-28,152699,119.74612244898
rs79190780,5,14826193,T,G,-0.1182,0.0162,0.0825,2.918e-13,152816,53.2359396433471
rs256904,5,55810305,A,T,0.0747,0.0089,0.5798,4.547e-17,150810,70.4467870218407
rs9348441,6,20680678,T,A,0.0702,0.011,0.191,1.538e-10,154160,40.7276033057851
rs1929899,6,38892817,G,A,-0.1586,0.027,0.0303,4.074e-09,154160,34.5047462277092
rs12528625,6,49378668,G,T,-0.101,0.0178,0.071,1.52e-08,152337,32.196061103396
rs1558318,7,15065612,A,T,0.0877,0.0089,0.5975,8.379e-23,154160,97.0999873753314
rs860262,7,28194397,C,A,-0.0783,0.01,0.2575,4.912e-15,154160,61.3089
rs2908274,7,44185088,G,A,0.0641,0.0094,0.6501,1.059e-11,154160,46.5007922136713
rs10256512,7,69179730,T,C,0.0793,0.0125,0.1402,2.283e-10,152337,40.246336
rs7794035,7,156976221,C,T,-0.052,0.0091,0.6204,1.069e-08,154160,32.6530612244898
rs1899371,8,14646549,G,A,0.0852,0.0155,0.093,4.123e-08,151972,30.2145265348595
rs12549902,8,41509259,G,A,0.0625,0.0098,0.7105,1.594e-10,148906,40.6731570179092
rs10088883,8,118141288,C,T,-0.3503,0.034,0.0185,6.851e-25,150729,106.150596885813
rs57173030,8,118157128,A,G,-0.2915,0.0422,0.0122,4.705e-12,148119,47.7147020507176
rs73382383,9,4271770,C,G,0.0781,0.0142,0.1046,3.608e-08,152699,30.25
rs7259,9,131196704,G,A,0.0538,0.0092,0.6104,5.062e-09,152699,34.1970699432892
rs11257655,10,12307894,C,T,0.0802,0.0103,0.2558,7.931e-15,149385,60.6281459138467
rs7903146,10,114758349,C,T,0.2389,0.0096,0.2937,4.86e-137,149385,619.283962673611
rs3842727,11,2184848,G,T,-0.0888,0.0105,0.2632,2.172e-17,152699,71.5232653061225
rs74048316,11,2235307,G,C,0.2039,0.0296,0.0224,5.36e-12,152816,47.4516184258583
rs231361,11,2691500,G,A,0.0812,0.0093,0.3364,3.047e-18,150729,76.2335530119089
rs2237897,11,2858546,C,T,-0.1746,0.0159,0.0879,5.129e-28,154160,120.585261658953
rs7121246,11,69474526,C,T,-0.0786,0.0103,0.2427,3.116e-14,154160,58.2331982279197
rs10830963,11,92708710,C,G,0.1319,0.0174,0.0733,3.48e-14,146841,57.4633703263311
rs111313757,11,113887112,G,A,-0.0844,0.0153,0.0975,3.22e-08,152271,30.4300055534196
rs10772199,12,34696045,T,A,-0.0513,0.009,0.4608,1.246e-08,150810,32.49
rs4919730,12,53384547,C,A,-0.0778,0.0119,0.192,6.287e-11,150993,42.7430266224137
rs2947795,12,66206798,T,C,0.0998,0.0122,0.8051,2.33e-16,152271,66.9177640419242
rs4762125,12,66314661,G,A,0.0698,0.0109,0.2116,1.497e-10,152271,41.0069859439441
rs2731232,12,90574111,C,G,0.0689,0.0116,0.7782,2.399e-09,152271,35.2795035671819
rs2255041,12,121411085,A,C,0.0785,0.0116,0.8264,1.397e-11,154160,45.7955558858502
rs57358169,13,33522341,T,G,-0.0785,0.0115,0.184,7.254e-12,154160,46.5954631379962
rs5745920,15,75645350,T,C,0.052,0.0088,0.4675,3.703e-09,154160,34.9173553719008
rs952472,15,77776562,A,C,0.0546,0.0087,0.528,3.884e-10,154160,39.3864447086802
rs1558902,16,53803574,T,A,0.1171,0.0145,0.1026,6.332e-16,152816,65.219548156956
rs12452659,17,36056192,T,G,0.0625,0.0112,0.1978,2.438e-08,152271,31.1403858418367
rs11466334,19,41847737,G,A,0.1759,0.0178,0.0749,4.319e-23,141016,97.6543681353364
rs112845208,20,42999433,G,A,-0.1918,0.0322,0.0199,2.67e-09,154160,35.4801512287335
